{
    "rmse": 0.7104201498423166,
    "mae": 0.5581484284080342,
    "r2": 0.23962102949823716
}