{
    "rmse": 0.7966772792293851,
    "mae": 0.6519475903530205,
    "r2": 0.027697618259989176
}